,algorithm,mse train,mse val,init zero,iterations,time,lr method,lr,b,model
0,closed-form,1.060229826117505,0.9831859696254968,,,0.007421016693115234,,,,default_top60
0,closed-form,1.0468329117783814,0.9895357003238057,,,0.028902053833007812,,,,default_top160
9,gradient,1.0607305932471822,0.9928918104451402,1.0,1000.0,3.7846319675445557,Momentum,0.01,0.999,default_top160
8,gradient,1.0607302912689582,0.9928922866305576,1.0,1000.0,3.8252899646759033,Momentum,0.01,0.9,default_top160
7,gradient,1.0607299863028914,0.9928927676048084,1.0,1000.0,3.851848840713501,Momentum,0.01,0.8,default_top160
6,gradient,1.0607296813995588,0.9928932485577997,1.0,1000.0,3.901607036590576,Momentum,0.01,0.7,default_top160
1,gradient,1.0607275488309842,0.9928966146307043,1.0,1000.0,3.7372968196868896,LearningRate,0.01,,default_top160
4,gradient,1.0612764175354388,0.9933249722775704,1.0,1000.0,4.4423418045043945,Decay,0.01,0.0001,default_top160
5,gradient,1.0632223159186367,0.9949990101022299,1.0,1000.0,4.430588245391846,Decay,0.01,0.0005,default_top160
9,gradient,1.0700568069327063,0.9982206198474901,1.0,1000.0,0.7553768157958984,Momentum,0.01,0.999,default_top60
8,gradient,1.0700566631028594,0.9982207068520729,1.0,1000.0,0.805351972579956,Momentum,0.01,0.9,default_top60
7,gradient,1.0700565178840766,0.9982207947939649,1.0,1000.0,0.8576951026916504,Momentum,0.01,0.8,default_top60
6,gradient,1.0700563727294825,0.9982208827945661,1.0,1000.0,0.8205320835113525,Momentum,0.01,0.7,default_top60
1,gradient,1.0700553584426047,0.9982215004376367,1.0,1000.0,0.8701610565185547,LearningRate,0.01,,default_top60
4,gradient,1.0704078171029048,0.9987389814863659,1.0,1000.0,0.9060652256011963,Decay,0.01,0.0001,default_top60
5,gradient,1.0716837258550627,1.0006136398699577,1.0,1000.0,0.759570837020874,Decay,0.01,0.0005,default_top60
62,gradient,1.0958314514113876,1.0203217958995583,0.0,1000.0,0.8219430446624756,Momentum,0.01,0.9,default_top60
0,closed-form,1.0846830709157251,1.0203266848431447,,,0.006670236587524414,,,,default_notext
55,gradient,1.0963621429071977,1.0209061442373832,0.0,1000.0,0.8524761199951172,LearningRate,0.01,,default_top60
3,gradient,1.088200195954605,1.0235825884059975,1.0,1000.0,4.035584926605225,Decay,0.01,0.01,default_top160
60,gradient,1.0917868480123618,1.0243914045491016,0.0,1000.0,0.7911770343780518,Momentum,0.01,0.7,default_top60
61,gradient,1.101885810181258,1.0249613162299354,0.0,1000.0,0.8379619121551514,Momentum,0.01,0.8,default_top60
3,gradient,1.0923547290356752,1.0279730661432505,1.0,1000.0,0.8048717975616455,Decay,0.01,0.01,default_top60
1,gradient,1.0934975423356417,1.0301696191446195,1.0,1000.0,0.15385198593139648,LearningRate,0.01,,default_notext
6,gradient,1.0934993460727669,1.0301700472597155,1.0,1000.0,0.15718913078308105,Momentum,0.01,0.7,default_notext
7,gradient,1.0934996041206764,1.0301701089340154,1.0,1000.0,0.14629602432250977,Momentum,0.01,0.8,default_notext
8,gradient,1.093499862261368,1.0301701707374087,1.0,1000.0,0.15707802772521973,Momentum,0.01,0.9,default_notext
9,gradient,1.0935001179120434,1.0301702320500423,1.0,1000.0,0.1421351432800293,Momentum,0.01,0.999,default_notext
4,gradient,1.0937007100021383,1.0303812198150757,1.0,1000.0,0.1919102668762207,Decay,0.01,0.0001,default_notext
5,gradient,1.0943814870119482,1.0311238259622173,1.0,1000.0,0.12694287300109863,Decay,0.01,0.0005,default_notext
58,gradient,1.0951972537352117,1.031677637307028,0.0,1000.0,0.16078472137451172,Decay,0.01,0.0001,default_notext
61,gradient,1.0953534565410326,1.0318327364345132,0.0,1000.0,0.13937616348266602,Momentum,0.01,0.8,default_notext
63,gradient,1.1003128614728224,1.0359864599412738,0.0,1000.0,0.14167022705078125,Momentum,0.01,0.999,default_notext
63,gradient,1.105000654960002,1.0390524540467605,0.0,1000.0,0.8357758522033691,Momentum,0.01,0.999,default_top60
62,gradient,1.105663368073829,1.0404777748884861,0.0,1000.0,0.14838814735412598,Momentum,0.01,0.9,default_notext
3,gradient,1.1066421352660472,1.0457829462387886,1.0,1000.0,0.14807701110839844,Decay,0.01,0.01,default_notext
55,gradient,1.1164773142764093,1.0492394526711992,0.0,1000.0,0.12980985641479492,LearningRate,0.01,,default_notext
60,gradient,1.1166842035902584,1.0496383280435124,0.0,1000.0,0.15342211723327637,Momentum,0.01,0.7,default_notext
59,gradient,1.1158766539377296,1.0501524808343443,0.0,1000.0,0.13222408294677734,Decay,0.01,0.0005,default_notext
58,gradient,1.120010169338409,1.0511646679902673,0.0,1000.0,0.8716127872467041,Decay,0.01,0.0001,default_top60
10,gradient,1.1223565075534712,1.0646609660109556,1.0,1000.0,3.550671100616455,LearningRate,0.001,,default_top160
15,gradient,1.1223596642457963,1.0646694116278437,1.0,1000.0,3.5774049758911133,Momentum,0.001,0.7,default_top160
16,gradient,1.1223601163690837,1.0646706183508785,1.0,1000.0,3.517180919647217,Momentum,0.001,0.8,default_top160
17,gradient,1.1223605687837457,1.0646718251237444,1.0,1000.0,3.5741348266601562,Momentum,0.001,0.9,default_top160
18,gradient,1.1223610169611338,1.0646730198773897,1.0,1000.0,3.6832940578460693,Momentum,0.001,0.999,default_top160
13,gradient,1.1248988960114152,1.0676154390445163,1.0,1000.0,3.5775301456451416,Decay,0.001,0.0001,default_top160
10,gradient,1.1250024262934304,1.0677764729808064,1.0,1000.0,0.8682248592376709,LearningRate,0.001,,default_top60
15,gradient,1.1250049186102096,1.0677842135549012,1.0,1000.0,0.8178818225860596,Momentum,0.001,0.7,default_top60
16,gradient,1.1250052758489797,1.0677853195435696,1.0,1000.0,0.8531482219696045,Momentum,0.001,0.8,default_top60
17,gradient,1.1250056333857108,1.0677864255786116,1.0,1000.0,0.832963228225708,Momentum,0.001,0.9,default_top60
18,gradient,1.125005987640442,1.0677875205984184,1.0,1000.0,0.7629690170288086,Momentum,0.001,0.999,default_top60
13,gradient,1.1274842784761636,1.0706648631729536,1.0,1000.0,0.7884988784790039,Decay,0.001,0.0001,default_top60
10,gradient,1.1289151769500494,1.0713649152025055,1.0,1000.0,0.14210295677185059,LearningRate,0.001,,default_notext
15,gradient,1.1289145783508785,1.0713655767767838,1.0,1000.0,0.1576249599456787,Momentum,0.001,0.7,default_notext
16,gradient,1.1289144955274437,1.0713656730928542,1.0,1000.0,0.14174509048461914,Momentum,0.001,0.8,default_notext
17,gradient,1.1289144133761093,1.0713657698587777,1.0,1000.0,0.12931108474731445,Momentum,0.001,0.9,default_notext
18,gradient,1.1289143327081463,1.0713658660996714,1.0,1000.0,0.16448688507080078,Momentum,0.001,0.999,default_notext
13,gradient,1.1306070912536743,1.0732610083995122,1.0,1000.0,0.16251206398010254,Decay,0.001,0.0001,default_notext
76,gradient,1.1398998232041133,1.0735265733276143,0.0,1000.0,0.1532742977142334,Decay,0.0005,0.0001,default_notext
14,gradient,1.1342930825278643,1.0783387017415487,1.0,1000.0,3.7066619396209717,Decay,0.001,0.0005,default_top160
14,gradient,1.1370861804636843,1.0804022822626695,1.0,1000.0,0.15495514869689941,Decay,0.001,0.0005,default_notext
14,gradient,1.136684590408772,1.081170846371832,1.0,1000.0,0.9600481986999512,Decay,0.001,0.0005,default_top60
64,gradient,1.1510363178646696,1.0888029017630028,0.0,1000.0,0.12133121490478516,LearningRate,0.001,,default_notext
81,gradient,1.1488074127951804,1.0916038011453597,0.0,1000.0,0.14875388145446777,Momentum,0.0005,0.999,default_notext
69,gradient,1.1615717895550968,1.096056261460613,0.0,1000.0,0.13630986213684082,Momentum,0.001,0.7,default_notext
59,gradient,1.2015623751770939,1.1019651158326293,0.0,1000.0,0.7660138607025146,Decay,0.01,0.0005,default_top60
27,gradient,1.1704408337650185,1.1152607466456306,1.0,1000.0,0.14954900741577148,Momentum,0.0005,0.999,default_notext
26,gradient,1.1704449279770972,1.11526436177443,1.0,1000.0,0.1507868766784668,Momentum,0.0005,0.9,default_notext
25,gradient,1.170449062517135,1.1152680125441197,1.0,1000.0,0.12806320190429688,Momentum,0.0005,0.8,default_notext
24,gradient,1.1704531960232059,1.1152716624327026,1.0,1000.0,0.1392970085144043,Momentum,0.0005,0.7,default_notext
19,gradient,1.1704821015234568,1.1152971868855297,1.0,1000.0,0.13890719413757324,LearningRate,0.0005,,default_notext
70,gradient,1.17563348813866,1.1181021838381013,0.0,1000.0,0.14202308654785156,Momentum,0.001,0.8,default_notext
22,gradient,1.175676937129757,1.1205970376569998,1.0,1000.0,0.13119888305664062,Decay,0.0005,0.0001,default_notext
19,gradient,1.1743607523705517,1.1212074091434698,1.0,1000.0,3.680586099624634,LearningRate,0.0005,,default_top160
24,gradient,1.1743521699599162,1.1212092113165022,1.0,1000.0,3.771937608718872,Momentum,0.0005,0.7,default_top160
25,gradient,1.1743509404216708,1.1212094665311658,1.0,1000.0,3.738055944442749,Momentum,0.0005,0.8,default_top160
26,gradient,1.1743497100153033,1.121209721188103,1.0,1000.0,3.8925302028656006,Momentum,0.0005,0.9,default_top160
27,gradient,1.1743484910584385,1.1212099727497145,1.0,1000.0,3.720798969268799,Momentum,0.0005,0.999,default_top160
19,gradient,1.1762516112936863,1.1234646212686672,1.0,1000.0,0.7529940605163574,LearningRate,0.0005,,default_top60
24,gradient,1.176242563696775,1.1234657214459287,1.0,1000.0,0.7841370105743408,Momentum,0.0005,0.7,default_top60
25,gradient,1.1762412676836167,1.1234658763115322,1.0,1000.0,0.7918910980224609,Momentum,0.0005,0.8,default_top60
26,gradient,1.1762399707973894,1.1234660306034299,1.0,1000.0,0.8006711006164551,Momentum,0.0005,0.9,default_top60
27,gradient,1.176238686020586,1.1234661827879149,1.0,1000.0,0.7724969387054443,Momentum,0.0005,0.999,default_top60
2,gradient,1.180372493461703,1.1253853000976612,1.0,1000.0,0.15351176261901855,Decay,0.01,0.1,default_notext
22,gradient,1.1797627030253277,1.1267377993884105,1.0,1000.0,3.5374867916107178,Decay,0.0005,0.0001,default_top160
57,gradient,1.1786305952123253,1.1268663427922256,0.0,1000.0,0.15162897109985352,Decay,0.01,0.01,default_notext
68,gradient,1.1852873152448158,1.1282470258618729,0.0,1000.0,0.14413022994995117,Decay,0.001,0.0005,default_notext
22,gradient,1.1816095416591577,1.128945677871697,1.0,1000.0,0.7210178375244141,Decay,0.0005,0.0001,default_top60
2,gradient,1.18458547275162,1.131668754335487,1.0,1000.0,4.932524919509888,Decay,0.01,0.1,default_top160
2,gradient,1.186394496357353,1.1338342141586109,1.0,1000.0,0.8148949146270752,Decay,0.01,0.1,default_top60
71,gradient,1.194879431443857,1.1396259802725177,0.0,1000.0,0.1441512107849121,Momentum,0.001,0.9,default_notext
23,gradient,1.1966714972690993,1.1419096551066914,1.0,1000.0,0.14138293266296387,Decay,0.0005,0.0005,default_notext
85,gradient,1.192334449319952,1.1427178568333598,0.0,1000.0,0.12112998962402344,Decay,0.0001,0.0001,default_notext
78,gradient,1.204173248385425,1.147359900691464,0.0,1000.0,0.1499168872833252,Momentum,0.0005,0.7,default_notext
23,gradient,1.2003918072846957,1.147537460533277,1.0,1000.0,3.7577919960021973,Decay,0.0005,0.0005,default_top160
23,gradient,1.2020965804435177,1.1495903218926857,1.0,1000.0,0.7635350227355957,Decay,0.0005,0.0005,default_top60
79,gradient,1.2118282702058758,1.1547216954883952,0.0,1000.0,0.13859987258911133,Momentum,0.0005,0.8,default_notext
92,gradient,1.2086835790853865,1.1552025769968146,0.0,1.0,0.000453948974609375,Decay,1e-06,0.1,default_notext
72,gradient,1.2154476496934494,1.1597445763989467,0.0,1000.0,0.1468639373779297,Momentum,0.001,0.999,default_notext
82,gradient,1.2127448071105558,1.16062351517784,0.0,1000.0,0.1419970989227295,LearningRate,0.0001,,default_notext
88,gradient,1.2238470912160544,1.1648353138696959,0.0,1000.0,0.14252614974975586,Momentum,0.0001,0.8,default_notext
89,gradient,1.2255283621147988,1.1710150656127136,0.0,1000.0,0.1467299461364746,Momentum,0.0001,0.9,default_notext
73,gradient,1.2286988938522712,1.1816405746934002,0.0,1000.0,0.14693784713745117,LearningRate,0.0005,,default_notext
98,gradient,1.2484543216637636,1.1941959767187083,0.0,1.0,0.0003387928009033203,Momentum,1e-06,0.9,default_notext
67,gradient,1.2473231683002763,1.1960059752016043,0.0,1000.0,0.12653732299804688,Decay,0.001,0.0001,default_notext
62,gradient,1.2795417677461336,1.2001001566082177,0.0,1000.0,4.456221103668213,Momentum,0.01,0.9,default_top160
65,gradient,1.2706120141718813,1.2013389582233454,0.0,1.0,0.0003960132598876953,Decay,0.001,0.1,default_notext
91,gradient,1.2794692298389865,1.2035506629688397,0.0,1.0,0.00046896934509277344,LearningRate,1e-06,,default_notext
80,gradient,1.2509509438407194,1.207556570206741,0.0,1000.0,0.15223073959350586,Momentum,0.0005,0.9,default_notext
101,gradient,1.292350586979368,1.2305329025343918,0.0,1.0,0.0005068778991699219,Decay,1e-07,0.1,default_notext
12,gradient,1.2961303137655829,1.240790480155525,1.0,1000.0,3.814893960952759,Decay,0.001,0.01,default_top160
12,gradient,1.2974035349651156,1.2424286034861949,1.0,1000.0,0.7895021438598633,Decay,0.001,0.01,default_top60
87,gradient,1.2960040093683647,1.2487668572169768,0.0,1000.0,0.14790105819702148,Momentum,0.0001,0.7,default_notext
12,gradient,1.3088031070850714,1.255208410083079,1.0,1000.0,0.13119912147521973,Decay,0.001,0.01,default_notext
63,gradient,1.3062396714630897,1.2683525977473595,0.0,1000.0,4.232435941696167,Momentum,0.01,0.999,default_top160
55,gradient,1.3187813649288735,1.2876583295965196,0.0,1000.0,3.6603751182556152,LearningRate,0.01,,default_top160
95,gradient,1.3382337781365248,1.2880199336635763,0.0,1.0,0.00037407875061035156,Decay,1e-06,0.0005,default_notext
61,gradient,1.2838096386593034,1.2901628705192059,0.0,1000.0,4.084465265274048,Momentum,0.01,0.8,default_top160
77,gradient,1.362545904089239,1.295779211290731,0.0,1000.0,0.12445402145385742,Decay,0.0005,0.0005,default_notext
60,gradient,1.2791626001329715,1.297087466075688,0.0,1000.0,3.614617109298706,Momentum,0.01,0.7,default_top160
90,gradient,1.3456758827711002,1.3045004725848346,0.0,1000.0,0.15413308143615723,Momentum,0.0001,0.999,default_notext
103,gradient,1.3966195480050756,1.3187389246047838,0.0,1.0,0.00037598609924316406,Decay,1e-07,0.0001,default_notext
58,gradient,1.3619812631845534,1.3705012077564211,0.0,1000.0,3.8027758598327637,Decay,0.01,0.0001,default_top160
21,gradient,1.4660149728503546,1.4017612559620156,1.0,1000.0,3.431335926055908,Decay,0.0005,0.01,default_top160
21,gradient,1.4667345850224083,1.4029452844228198,1.0,1000.0,0.7109410762786865,Decay,0.0005,0.01,default_top60
56,gradient,1.4378859171793257,1.4038157515850058,0.0,1000.0,0.1570720672607422,Decay,0.01,0.1,default_notext
94,gradient,1.438647155899784,1.4046859068957545,0.0,1.0,0.0004227161407470703,Decay,1e-06,0.0001,default_notext
93,gradient,1.4707092938902862,1.4340848376612316,0.0,1.0,0.0003311634063720703,Decay,1e-06,0.01,default_notext
28,gradient,1.5106006031558676,1.4436362120323856,1.0,1000.0,3.5857598781585693,LearningRate,0.0001,,default_top160
33,gradient,1.5107036498078632,1.443737166958768,1.0,1000.0,4.260824918746948,Momentum,0.0001,0.7,default_top160
34,gradient,1.510718375548623,1.4437515940229886,1.0,1000.0,4.54102897644043,Momentum,0.0001,0.8,default_top160
35,gradient,1.5107331024882427,1.4437660223211584,1.0,1000.0,3.6648099422454834,Momentum,0.0001,0.9,default_top160
36,gradient,1.5107476833398086,1.4437803075521674,1.0,1000.0,3.4956929683685303,Momentum,0.0001,0.999,default_top160
28,gradient,1.511223655965972,1.4447544936651762,1.0,1000.0,0.749061107635498,LearningRate,0.0001,,default_top60
106,gradient,1.4747947599018345,1.4447906213324198,0.0,1.0,0.00039386749267578125,Momentum,1e-07,0.8,default_notext
33,gradient,1.5113259153201033,1.4448548776095318,1.0,1000.0,0.7877037525177002,Momentum,0.0001,0.7,default_top60
34,gradient,1.5113405285316706,1.444869223099224,1.0,1000.0,0.7632391452789307,Momentum,0.0001,0.8,default_top60
35,gradient,1.511355142927674,1.444883569821578,1.0,1000.0,0.7583141326904297,Momentum,0.0001,0.9,default_top60
36,gradient,1.511369612346885,1.444897774291306,1.0,1000.0,0.7589058876037598,Momentum,0.0001,0.999,default_top60
83,gradient,1.4767213286232335,1.4494669412656085,0.0,1.0,0.000614166259765625,Decay,0.0001,0.1,default_notext
86,gradient,1.5038000417291093,1.4505747408735328,0.0,1000.0,0.14831209182739258,Decay,0.0001,0.0005,default_notext
31,gradient,1.5222832130863753,1.4546109644772236,1.0,1000.0,3.6311821937561035,Decay,0.0001,0.0001,default_top160
31,gradient,1.5228894631892596,1.4557215388547051,1.0,1000.0,0.7383129596710205,Decay,0.0001,0.0001,default_top60
99,gradient,1.5405217957459014,1.4614682211161438,0.0,1.0,0.00037789344787597656,Momentum,1e-06,0.999,default_notext
66,gradient,1.520247398296488,1.4671443682041962,0.0,1000.0,0.14785313606262207,Decay,0.001,0.01,default_notext
97,gradient,1.508193583593401,1.472958620286753,0.0,1.0,0.0003540515899658203,Momentum,1e-06,0.8,default_notext
75,gradient,1.5238931090486887,1.480134052933399,0.0,1000.0,0.12941384315490723,Decay,0.0005,0.01,default_notext
21,gradient,1.533827188225773,1.4832838179028154,1.0,1000.0,0.12146997451782227,Decay,0.0005,0.01,default_notext
32,gradient,1.5606439370080334,1.4907168297915923,1.0,1000.0,4.223392963409424,Decay,0.0001,0.0005,default_top160
32,gradient,1.561230888878907,1.4918421720902453,1.0,1000.0,0.7345550060272217,Decay,0.0001,0.0005,default_top60
59,gradient,1.5361526812785213,1.5042784677792178,0.0,1000.0,3.5397520065307617,Decay,0.01,0.0005,default_top160
84,gradient,1.5259105405035887,1.5096756495976416,0.0,447.0,0.06357598304748535,Decay,0.0001,0.01,default_notext
28,gradient,1.5952650516736122,1.5457286602593892,1.0,1000.0,0.1400308609008789,LearningRate,0.0001,,default_notext
33,gradient,1.5954075880668495,1.5458735938229269,1.0,1000.0,0.14163708686828613,Momentum,0.0001,0.7,default_notext
34,gradient,1.595427955048733,1.5458943033430026,1.0,1000.0,0.13057899475097656,Momentum,0.0001,0.8,default_notext
35,gradient,1.5954483231907535,1.5459150140445406,1.0,1000.0,0.14491677284240723,Momentum,0.0001,0.9,default_notext
36,gradient,1.5954684887941915,1.5459355188029094,1.0,1000.0,0.15950584411621094,Momentum,0.0001,0.999,default_notext
71,gradient,1.6933996631976658,1.55149090562125,0.0,1000.0,0.7817659378051758,Momentum,0.001,0.9,default_top60
31,gradient,1.6113870848068077,1.5621247544772532,1.0,1000.0,0.1383202075958252,Decay,0.0001,0.0001,default_notext
107,gradient,1.6157139309860278,1.5700650505846256,0.0,1.0,0.0003330707550048828,Momentum,1e-07,0.9,default_notext
11,gradient,1.6855903159227568,1.6109356400962136,1.0,1000.0,3.541422128677368,Decay,0.001,0.1,default_top160
11,gradient,1.6866319098497333,1.612671211120964,1.0,1000.0,0.8003120422363281,Decay,0.001,0.1,default_top60
32,gradient,1.6641021704769987,1.615761965011654,1.0,1000.0,0.14202380180358887,Decay,0.0001,0.0005,default_notext
104,gradient,1.6721666279073089,1.6515868920810215,0.0,1.0,0.00033092498779296875,Decay,1e-07,0.0005,default_notext
102,gradient,1.7132040675509737,1.670622526179679,0.0,1.0,0.00035190582275390625,Decay,1e-07,0.01,default_notext
105,gradient,1.7183688856671266,1.6802512533025082,0.0,1.0,0.0003368854522705078,Momentum,1e-07,0.7,default_notext
100,gradient,1.7246392764466796,1.6871191009143276,0.0,1.0,0.00035309791564941406,LearningRate,1e-07,,default_notext
96,gradient,1.7453923634778596,1.7052191330897788,0.0,1.0,0.00037407875061035156,Momentum,1e-06,0.7,default_notext
30,gradient,1.8122012600843955,1.7408036861594305,1.0,1000.0,3.536875009536743,Decay,0.0001,0.01,default_top160
30,gradient,1.814045110701004,1.743431934170914,1.0,1000.0,0.7431659698486328,Decay,0.0001,0.01,default_top60
108,gradient,1.7866981626249854,1.7495799691454308,0.0,1.0,0.0005590915679931641,Momentum,1e-07,0.999,default_notext
20,gradient,1.820737772541897,1.7498568625102724,1.0,1000.0,3.42621111869812,Decay,0.0005,0.1,default_top160
20,gradient,1.8226174132105986,1.7525195032135954,1.0,1000.0,0.7195489406585693,Decay,0.0005,0.1,default_top60
11,gradient,1.8245152410652166,1.779193433731574,1.0,1000.0,0.13746190071105957,Decay,0.001,0.1,default_notext
30,gradient,1.948337797112298,1.9055264425311256,1.0,1000.0,0.12148213386535645,Decay,0.0001,0.01,default_notext
20,gradient,1.9551897793365545,1.9125212468183568,1.0,1000.0,0.14649605751037598,Decay,0.0005,0.1,default_notext
70,gradient,1.9085281400734937,1.989422975252551,0.0,1000.0,0.7936320304870605,Momentum,0.001,0.8,default_top60
29,gradient,2.0445149573835635,1.9962318281603304,1.0,402.0,1.62689208984375,Decay,0.0001,0.1,default_top160
29,gradient,2.045566082213017,1.9975886037350004,1.0,400.0,0.3202087879180908,Decay,0.0001,0.1,default_top60
29,gradient,2.0882079297225253,2.0483847772715307,1.0,262.0,0.03284025192260742,Decay,0.0001,0.1,default_notext
69,gradient,1.9607603357269578,2.071858159129286,0.0,1000.0,0.9042172431945801,Momentum,0.001,0.7,default_top60
37,gradient,2.1124413473981067,2.0731480340343826,1.0,1.0,0.010157108306884766,LearningRate,1e-06,,default_top160
40,gradient,2.1124413494133107,2.0731480363253945,1.0,1.0,0.0074770450592041016,Decay,1e-06,0.0001,default_top160
41,gradient,2.1124413574700998,2.0731480454848605,1.0,1.0,0.007508993148803711,Decay,1e-06,0.0005,default_top160
39,gradient,2.112441546943256,2.0731482608899205,1.0,1.0,0.0075299739837646484,Decay,1e-06,0.01,default_top160
37,gradient,2.1124416782119835,2.073148460990698,1.0,1.0,0.0015590190887451172,LearningRate,1e-06,,default_top60
40,gradient,2.112441680194111,2.0731484632390194,1.0,1.0,0.0014481544494628906,Decay,1e-06,0.0001,default_top60
41,gradient,2.1124416881186576,2.07314847222781,1.0,1.0,0.0016021728515625,Decay,1e-06,0.0005,default_top60
39,gradient,2.1124418744818474,2.073148683619066,1.0,1.0,0.0015218257904052734,Decay,1e-06,0.01,default_top60
38,gradient,2.1124431795871605,2.073150116982807,1.0,1.0,0.007534027099609375,Decay,1e-06,0.1,default_top160
38,gradient,2.1124434803278893,2.0731505051259362,1.0,1.0,0.001489877700805664,Decay,1e-06,0.1,default_top60
42,gradient,2.1124484013478178,2.0731560534120055,1.0,1.0,0.008067131042480469,Momentum,1e-06,0.7,default_top160
42,gradient,2.1124486163791523,2.0731563309364325,1.0,1.0,0.0014209747314453125,Momentum,1e-06,0.7,default_top60
43,gradient,2.1124494090597383,2.0731571990431563,1.0,1.0,0.00783085823059082,Momentum,1e-06,0.8,default_top160
43,gradient,2.112449607550507,2.073157455219923,1.0,1.0,0.001730203628540039,Momentum,1e-06,0.8,default_top60
44,gradient,2.112450416772865,2.073158344675751,1.0,1.0,0.007402181625366211,Momentum,1e-06,0.9,default_top160
44,gradient,2.1124505987230155,2.0731585795047947,1.0,1.0,0.0014908313751220703,Momentum,1e-06,0.9,default_top60
45,gradient,2.1124514144100472,2.073159478853442,1.0,1.0,0.007409811019897461,Momentum,1e-06,0.999,default_top160
45,gradient,2.112451579984936,2.0731596925481792,1.0,1.0,0.0015039443969726562,Momentum,1e-06,0.999,default_top60
37,gradient,2.112453953451804,2.073163232109847,1.0,1.0,0.00035691261291503906,LearningRate,1e-06,,default_notext
40,gradient,2.112453954206552,2.0731632328812304,1.0,1.0,0.0004200935363769531,Decay,1e-06,0.0001,default_notext
41,gradient,2.112453957224033,2.0731632359652212,1.0,1.0,0.0005509853363037109,Decay,1e-06,0.0005,default_notext
39,gradient,2.1124540281867517,2.0731633084920644,1.0,1.0,0.0005018711090087891,Decay,1e-06,0.01,default_notext
38,gradient,2.112454639654618,2.073163933437599,1.0,1.0,0.00034618377685546875,Decay,1e-06,0.1,default_notext
42,gradient,2.112456595334036,2.0731659322231355,1.0,1.0,0.0003771781921386719,Momentum,1e-06,0.7,default_notext
43,gradient,2.112456972746093,2.0731663179539237,1.0,1.0,0.0009088516235351562,Momentum,1e-06,0.8,default_notext
44,gradient,2.1124573501582264,2.0731667036847923,1.0,1.0,0.0005109310150146484,Momentum,1e-06,0.9,default_notext
45,gradient,2.112457723796314,2.07316708555843,1.0,1.0,0.00038886070251464844,Momentum,1e-06,0.999,default_notext
46,gradient,2.112459486245225,2.073168655434085,1.0,1.0,0.007355213165283203,LearningRate,1e-07,,default_top160
49,gradient,2.11245948644675,2.073168655663191,1.0,1.0,0.009679079055786133,Decay,1e-07,0.0001,default_top160
50,gradient,2.112459487252446,2.073168656579159,1.0,1.0,0.007471799850463867,Decay,1e-07,0.0005,default_top160
48,gradient,2.1124595062001665,2.0731686781201506,1.0,1.0,0.007643938064575195,Decay,1e-07,0.01,default_top160
46,gradient,2.112459519327528,2.073168698130833,1.0,1.0,0.0014650821685791016,LearningRate,1e-07,,default_top60
49,gradient,2.112459519525745,2.07316869835567,1.0,1.0,0.001500844955444336,Decay,1e-07,0.0001,default_top60
50,gradient,2.1124595203182164,2.0731686992545693,1.0,1.0,0.0013878345489501953,Decay,1e-07,0.0005,default_top60
48,gradient,2.1124595389549237,2.0731687203941602,1.0,1.0,0.0015339851379394531,Decay,1e-07,0.01,default_top60
47,gradient,2.1124596694678943,2.073168863733439,1.0,1.0,0.007954120635986328,Decay,1e-07,0.1,default_top160
47,gradient,2.1124596995427245,2.0731689025486744,1.0,1.0,0.0020546913146972656,Decay,1e-07,0.1,default_top60
51,gradient,2.1124601916527213,2.073169457386858,1.0,1.0,0.007983207702636719,Momentum,1e-07,0.7,default_top160
51,gradient,2.1124602131562416,2.0731694851397724,1.0,1.0,0.0014510154724121094,Momentum,1e-07,0.7,default_top60
52,gradient,2.112460292425269,2.0731695719515972,1.0,1.0,0.00916290283203125,Momentum,1e-07,0.8,default_top160
52,gradient,2.1124603122746755,2.073169597569676,1.0,1.0,0.0016660690307617188,Momentum,1e-07,0.8,default_top60
53,gradient,2.1124603931978285,2.073169686516352,1.0,1.0,0.00757908821105957,Momentum,1e-07,0.9,default_top160
53,gradient,2.112460411393121,2.0731697099995934,1.0,1.0,0.0013980865478515625,Momentum,1e-07,0.9,default_top60
54,gradient,2.1124604929626747,2.0731697999354726,1.0,1.0,0.0073468685150146484,Momentum,1e-07,0.999,default_top160
54,gradient,2.112460509520393,2.0731698213052256,1.0,1.0,0.0014238357543945312,Momentum,1e-07,0.999,default_top60
46,gradient,2.1124607468708954,2.0731701752661897,1.0,1.0,0.0005247592926025391,LearningRate,1e-07,,default_notext
49,gradient,2.1124607469463705,2.0731701753433285,1.0,1.0,0.0005791187286376953,Decay,1e-07,0.0001,default_notext
50,gradient,2.112460747248119,2.073170175651729,1.0,1.0,0.0004210472106933594,Decay,1e-07,0.0005,default_notext
48,gradient,2.112460754344417,2.07317018290444,1.0,1.0,0.0005409717559814453,Decay,1e-07,0.01,default_notext
47,gradient,2.112460815491418,2.073170245399214,1.0,1.0,0.0004127025604248047,Decay,1e-07,0.1,default_notext
51,gradient,2.1124610110599202,2.073170445278347,1.0,1.0,0.0003719329833984375,Momentum,1e-07,0.7,default_notext
52,gradient,2.1124610488012125,2.073170483851515,1.0,1.0,0.00038886070251464844,Momentum,1e-07,0.8,default_notext
53,gradient,2.112461086542506,2.073170522424685,1.0,1.0,0.0006022453308105469,Momentum,1e-07,0.9,default_notext
54,gradient,2.1124611239063866,2.073170560612123,1.0,1.0,0.00047516822814941406,Momentum,1e-07,0.999,default_notext
74,gradient,2.3537005010120615,2.319272705829621,0.0,445.0,0.05492687225341797,Decay,0.0005,0.1,default_notext
64,gradient,2.100281360150259,2.3283896680847396,0.0,1000.0,0.9062540531158447,LearningRate,0.001,,default_top60
72,gradient,2.235618481048702,2.3443998606360092,0.0,1000.0,0.8999497890472412,Momentum,0.001,0.999,default_top60
57,gradient,2.468278830944757,2.510205754460985,0.0,1000.0,0.7532422542572021,Decay,0.01,0.01,default_top60
67,gradient,2.3254899809779803,2.5319372972817638,0.0,1000.0,0.8211503028869629,Decay,0.001,0.0001,default_top60
78,gradient,2.4761699284514607,2.6590497918733265,0.0,1000.0,0.9964148998260498,Momentum,0.0005,0.7,default_top60
79,gradient,2.4329973306204824,2.792130018509417,0.0,1000.0,0.9115438461303711,Momentum,0.0005,0.8,default_top60
68,gradient,2.5333975265543143,3.052470782518071,0.0,1000.0,0.7305090427398682,Decay,0.001,0.0005,default_top60
70,gradient,2.8332374074626574,3.1089488060972745,0.0,1000.0,3.677098035812378,Momentum,0.001,0.8,default_top160
71,gradient,2.7323577268984813,3.167645715704664,0.0,1000.0,3.7958788871765137,Momentum,0.001,0.9,default_top160
76,gradient,2.960398294223938,3.3599153595847557,0.0,1000.0,0.8399019241333008,Decay,0.0005,0.0001,default_top60
67,gradient,2.860680687572292,3.3936475718350865,0.0,1000.0,3.7940499782562256,Decay,0.001,0.0001,default_top160
77,gradient,2.9235057060196583,3.410596128917512,0.0,1000.0,0.8767480850219727,Decay,0.0005,0.0005,default_top60
69,gradient,2.782149078102824,3.422777445079496,0.0,1000.0,3.6136248111724854,Momentum,0.001,0.7,default_top160
81,gradient,2.8992920128060082,3.4293651648981833,0.0,1000.0,0.8688549995422363,Momentum,0.0005,0.999,default_top60
73,gradient,2.8132784543030316,3.4797851148633607,0.0,1000.0,0.932110071182251,LearningRate,0.0005,,default_top60
72,gradient,3.215376926064139,3.696917524121007,0.0,1000.0,3.8298301696777344,Momentum,0.001,0.999,default_top160
80,gradient,3.0982628119093207,3.7243854275133836,0.0,1000.0,0.9238400459289551,Momentum,0.0005,0.9,default_top60
64,gradient,3.231578372927809,4.18993583864501,0.0,1000.0,4.140868902206421,LearningRate,0.001,,default_top160
81,gradient,3.805579132305583,4.238932192014223,0.0,1000.0,3.90946888923645,Momentum,0.0005,0.999,default_top160
80,gradient,3.932366832901337,4.257756140457157,0.0,1000.0,4.3155858516693115,Momentum,0.0005,0.9,default_top160
57,gradient,3.536730427378074,4.28576837560578,0.0,1000.0,3.5394539833068848,Decay,0.01,0.01,default_top160
68,gradient,3.8200889500460615,4.427825687808235,0.0,1000.0,3.573989152908325,Decay,0.001,0.0005,default_top160
73,gradient,3.649860929357739,4.6484993828420285,0.0,1000.0,3.667184829711914,LearningRate,0.0005,,default_top160
90,gradient,4.11665300755694,4.784749667736805,0.0,1000.0,1.292067050933838,Momentum,0.0001,0.999,default_top60
78,gradient,4.098688981007904,4.936793313592815,0.0,1000.0,4.16871976852417,Momentum,0.0005,0.7,default_top160
89,gradient,4.447352229087491,5.197669519834045,0.0,1000.0,1.5240898132324219,Momentum,0.0001,0.9,default_top60
88,gradient,4.397844107721638,5.261176832537138,0.0,1000.0,1.439729928970337,Momentum,0.0001,0.8,default_top60
79,gradient,4.352543658266513,5.536422650489931,0.0,1000.0,6.1077187061309814,Momentum,0.0005,0.8,default_top160
82,gradient,4.671993630371642,5.543457658275604,0.0,1000.0,0.8675298690795898,LearningRate,0.0001,,default_top60
87,gradient,4.969742321529277,5.779765609565775,0.0,1000.0,2.054476022720337,Momentum,0.0001,0.7,default_top60
85,gradient,5.136601031880787,6.803434908013226,0.0,1000.0,2.218712091445923,Decay,0.0001,0.0001,default_top60
76,gradient,5.093632506170103,6.953058861028437,0.0,1000.0,4.1141369342803955,Decay,0.0005,0.0001,default_top160
82,gradient,5.577758016069837,7.213201785958676,0.0,1000.0,3.857591152191162,LearningRate,0.0001,,default_top160
77,gradient,5.816991714504475,7.688208383070792,0.0,1000.0,4.116666793823242,Decay,0.0005,0.0005,default_top160
56,gradient,6.069950019206859,7.790121433269207,0.0,1000.0,0.807776927947998,Decay,0.01,0.1,default_top60
87,gradient,6.068950112237898,8.007231474708508,0.0,1000.0,3.3818869590759277,Momentum,0.0001,0.7,default_top160
89,gradient,8.05137887400645,9.047981681052741,0.0,1000.0,3.50809907913208,Momentum,0.0001,0.9,default_top160
66,gradient,6.866614467520315,9.158786737582377,0.0,1000.0,0.9443650245666504,Decay,0.001,0.01,default_top60
86,gradient,7.651017547285507,9.315366623763609,0.0,1000.0,1.5526819229125977,Decay,0.0001,0.0005,default_top60
85,gradient,8.379476681290791,10.76021264240556,0.0,1000.0,3.7736639976501465,Decay,0.0001,0.0001,default_top160
90,gradient,7.842436376082811,10.793903467597389,0.0,1000.0,3.5582518577575684,Momentum,0.0001,0.999,default_top160
88,gradient,9.089405233734166,12.441966985162113,0.0,1000.0,3.4778990745544434,Momentum,0.0001,0.8,default_top160
56,gradient,9.155559090961166,13.135384677332432,0.0,1000.0,3.567821979522705,Decay,0.01,0.1,default_top160
86,gradient,11.39136472384535,15.745052248870545,0.0,1000.0,3.51969575881958,Decay,0.0001,0.0005,default_top160
66,gradient,12.414042174191168,16.94054976579972,0.0,1000.0,3.8964478969573975,Decay,0.001,0.01,default_top160
75,gradient,16.53280951831776,21.678428714793984,0.0,1000.0,0.8124868869781494,Decay,0.0005,0.01,default_top60
75,gradient,33.403729567126476,41.68546537102295,0.0,1000.0,3.952064037322998,Decay,0.0005,0.01,default_top160
93,gradient,66.4229651704004,84.10651991229804,0.0,510.0,0.4237852096557617,Decay,1e-06,0.01,default_top60
65,gradient,72.71160607406009,89.23755999191987,0.0,1000.0,0.9835481643676758,Decay,0.001,0.1,default_top60
74,gradient,77.63090864087116,93.5566773936213,0.0,1000.0,0.9086699485778809,Decay,0.0005,0.1,default_top60
84,gradient,76.93738868061547,97.74134710549109,0.0,1000.0,1.0008478164672852,Decay,0.0001,0.01,default_top60
101,gradient,84.76586610817549,101.86552071069026,0.0,1.0,0.0015571117401123047,Decay,1e-07,0.1,default_top60
106,gradient,83.82159746774336,104.07915326571326,0.0,1.0,0.0017857551574707031,Momentum,1e-07,0.8,default_top60
65,gradient,89.81006874055865,110.00481784984262,0.0,1000.0,3.9690189361572266,Decay,0.001,0.1,default_top160
102,gradient,90.19360300896354,110.08389650502706,0.0,1.0,0.001622915267944336,Decay,1e-07,0.01,default_top60
94,gradient,92.93836978669582,112.08844564269471,0.0,1000.0,0.7799050807952881,Decay,1e-06,0.0001,default_top60
99,gradient,103.86547052435674,123.67941036847805,0.0,1000.0,1.6106200218200684,Momentum,1e-06,0.999,default_top60
95,gradient,100.05820979131475,124.59567548662294,0.0,1000.0,0.7876989841461182,Decay,1e-06,0.0005,default_top60
96,gradient,103.55810410413916,129.62343710423076,0.0,1000.0,0.7980859279632568,Momentum,1e-06,0.7,default_top60
105,gradient,105.78476984329636,129.71195539594993,0.0,1.0,0.0018911361694335938,Momentum,1e-07,0.7,default_top60
103,gradient,105.47496883516777,134.07534675804484,0.0,1.0,0.0017349720001220703,Decay,1e-07,0.0001,default_top60
74,gradient,108.73971177542902,134.496862352341,0.0,1000.0,3.7356038093566895,Decay,0.0005,0.1,default_top160
107,gradient,110.790404343334,137.16448834942034,0.0,1.0,0.0021598339080810547,Momentum,1e-07,0.9,default_top60
92,gradient,118.00419279383789,138.82761849838639,0.0,72.0,0.06514310836791992,Decay,1e-06,0.1,default_top60
84,gradient,117.33626511001044,141.3868996532059,0.0,1000.0,3.752408027648926,Decay,0.0001,0.01,default_top160
83,gradient,110.61507252439833,143.19087795592506,0.0,1000.0,0.8977799415588379,Decay,0.0001,0.1,default_top60
104,gradient,118.68407863277562,143.60417331719765,0.0,1.0,0.0018112659454345703,Decay,1e-07,0.0005,default_top60
91,gradient,117.89412423333917,147.8139684489845,0.0,1000.0,0.8264768123626709,LearningRate,1e-06,,default_top60
100,gradient,122.4293049967552,154.93470921772806,0.0,1.0,0.0024449825286865234,LearningRate,1e-07,,default_top60
94,gradient,133.7598161666768,159.0276881302375,0.0,1000.0,3.756402015686035,Decay,1e-06,0.0001,default_top160
98,gradient,134.86117747917714,169.74768407720396,0.0,1000.0,1.3046369552612305,Momentum,1e-06,0.9,default_top60
97,gradient,133.68599169600026,172.17119497666638,0.0,1000.0,1.119818925857544,Momentum,1e-06,0.8,default_top60
108,gradient,138.5966131428137,172.48197666497947,0.0,1.0,0.002228975296020508,Momentum,1e-07,0.999,default_top60
92,gradient,143.3262932056271,177.62641980958347,0.0,81.0,0.2805659770965576,Decay,1e-06,0.1,default_top160
97,gradient,144.83750674666408,184.72659309823942,0.0,1000.0,4.207622051239014,Momentum,1e-06,0.8,default_top160
99,gradient,149.04424109266884,185.87343024629075,0.0,1000.0,4.119297027587891,Momentum,1e-06,0.999,default_top160
95,gradient,153.25831280088795,187.81111376507195,0.0,1000.0,3.6655099391937256,Decay,1e-06,0.0005,default_top160
100,gradient,158.183906422438,195.00204780508798,0.0,1.0,0.00853419303894043,LearningRate,1e-07,,default_top160
96,gradient,149.53419294519583,197.52263886947256,0.0,1000.0,4.480740785598755,Momentum,1e-06,0.7,default_top160
101,gradient,181.4084709797244,214.5012265780286,0.0,1.0,0.009150266647338867,Decay,1e-07,0.1,default_top160
98,gradient,184.9900054175146,216.76668489920488,0.0,1000.0,4.15446400642395,Momentum,1e-06,0.9,default_top160
106,gradient,179.7936781440875,216.88135147212625,0.0,1.0,0.010879039764404297,Momentum,1e-07,0.8,default_top160
103,gradient,177.5714787614005,217.07094542033616,0.0,123.0,0.5271039009094238,Decay,1e-07,0.0001,default_top160
105,gradient,174.24461806835015,223.36675126226478,0.0,1.0,0.013744115829467773,Momentum,1e-07,0.7,default_top160
83,gradient,180.85921046035784,223.78292525118775,0.0,1000.0,3.546804904937744,Decay,0.0001,0.1,default_top160
108,gradient,179.51745675334527,229.6182129055165,0.0,1.0,0.008556127548217773,Momentum,1e-07,0.999,default_top160
93,gradient,183.9697536733547,229.78704480794042,0.0,930.0,3.2253596782684326,Decay,1e-06,0.01,default_top160
91,gradient,196.53513233451986,236.79228288407927,0.0,1000.0,3.6190359592437744,LearningRate,1e-06,,default_top160
107,gradient,216.7425364768875,265.644154546736,0.0,1.0,0.009511947631835938,Momentum,1e-07,0.9,default_top160
102,gradient,218.66116679503406,277.1215725149406,0.0,13.0,0.054953813552856445,Decay,1e-07,0.01,default_top160
104,gradient,240.66119558187305,294.5744517797523,0.0,391.0,1.537665843963623,Decay,1e-07,0.0005,default_top160
